date,product_type,price_per_ton,volume,destination_country,market_indicator
2023-12-13,OLIVE_OIL,"3683,22","96,31",Germany,FALLING
2024-06-19,OLIVE_OIL,"3903,37","105,32",Germany,RISING
2025-02-21,WHEAT,"856,58","187,90",Germany,FALLING
2025-08-28,WHEAT,"777,31","76,61",France,VOLATILE
2023-12-05,DATES,"2825,97","75,83",France,UNPREDICTABLE
2023-03-21,CITRUS_FRUITS,"1285,52","137,00",France,STABLE
2023-09-15,DATES,"2357,92","172,67",Germany,STABLE
2023-04-19,OLIVE_OIL,"3713,41","122,09",Germany,VOLATILE
2023-04-22,CITRUS_FRUITS,"1410,25","145,50",Germany,VOLATILE
2025-04-20,DATES,"2434,66","118,60",Germany,FALLING
2025-11-22,CITRUS_FRUITS,"1413,66","72,65",France,UNPREDICTABLE
2023-09-26,WHEAT,"756,11","79,39",Germany,FALLING
2024-12-13,DATES,"2486,59","113,15",France,UNPREDICTABLE
2022-12-26,CITRUS_FRUITS,"1157,66","135,74",Germany,UNPREDICTABLE
2024-04-13,OLIVE_OIL,"3805,73","142,43",Germany,UNPREDICTABLE
2025-07-16,OLIVE_OIL,"3908,61","79,42",France,FALLING
2023-05-22,WHEAT,"792,68","95,84",France,FALLING
2023-10-14,CITRUS_FRUITS,"1063,13","124,60",Germany,FALLING
2025-11-21,DATES,"2483,84","148,26",Germany,STABLE
2024-10-05,OLIVE_OIL,"3384,61","146,93",France,VOLATILE
2023-10-25,DATES,"2598,84","196,41",Germany,UNPREDICTABLE
2025-04-16,DATES,"2278,82","184,88",Germany,VOLATILE
2023-07-10,DATES,"2332,32","97,27",Germany,UNPREDICTABLE
2022-12-30,DATES,"2745,15","75,63",France,FALLING
2024-12-08,WHEAT,"718,59","54,05",France,UNPREDICTABLE
2024-05-02,DATES,"2967,50","185,68",Germany,VOLATILE
2024-11-18,OLIVE_OIL,"3809,59","128,22",France,STABLE
2024-11-24,DATES,"2688,25","133,46",Germany,FALLING
2024-10-09,OLIVE_OIL,"3895,14","143,97",Germany,RISING
2024-08-28,CITRUS_FRUITS,"1416,85","89,03",France,STABLE
2024-06-03,WHEAT,"814,71","88,72",France,VOLATILE
2024-04-08,OLIVE_OIL,"3614,11","123,23",Germany,STABLE
2024-04-02,WHEAT,"871,07","100,96",France,VOLATILE
2023-12-23,CITRUS_FRUITS,"1254,28","166,31",Germany,STABLE
2025-05-09,OLIVE_OIL,"3697,09","74,02",France,RISING
2025-02-05,DATES,"2794,87","173,49",France,FALLING
2023-03-31,CITRUS_FRUITS,"1064,56","142,11",France,RISING
2022-12-27,CITRUS_FRUITS,"1267,29","132,35",Germany,VOLATILE
2025-02-26,WHEAT,"777,56","52,29",Germany,FALLING
2025-09-26,DATES,"2173,23","184,65",Germany,STABLE
2025-10-21,DATES,"2336,51","113,48",Germany,VOLATILE
2023-09-04,WHEAT,"733,23","122,33",France,VOLATILE
2023-12-07,CITRUS_FRUITS,"1355,58","151,46",France,VOLATILE
2024-12-15,DATES,"2289,89","105,42",France,RISING
2023-03-26,DATES,"2975,01","135,79",Germany,RISING
2024-03-21,DATES,"2549,17","136,51",France,VOLATILE
2025-02-22,DATES,"2818,06","182,56",Germany,VOLATILE
2024-12-09,CITRUS_FRUITS,"1420,05","64,53",France,STABLE
2025-09-16,CITRUS_FRUITS,"1293,16","74,16",France,STABLE
2024-01-31,CITRUS_FRUITS,"1389,60","127,62",Germany,STABLE
2024-09-21,OLIVE_OIL,"3175,86","124,60",France,VOLATILE
2024-02-13,WHEAT,"771,77","132,63",France,UNPREDICTABLE
2024-02-17,OLIVE_OIL,"3177,01","156,89",France,STABLE
2024-09-18,CITRUS_FRUITS,"1169,48","56,15",France,UNPREDICTABLE
2025-01-08,DATES,"2303,69","145,92",France,STABLE
2025-08-23,OLIVE_OIL,"3535,28","89,60",Germany,VOLATILE
2024-01-27,WHEAT,"778,63","118,20",Germany,RISING
2024-07-21,DATES,"2414,41","138,31",Germany,UNPREDICTABLE
2025-09-22,OLIVE_OIL,"3511,36","87,14",France,RISING
2023-06-09,WHEAT,"831,13","172,02",France,VOLATILE
2024-02-23,CITRUS_FRUITS,"1474,40","90,05",France,UNPREDICTABLE
2023-05-16,CITRUS_FRUITS,"1294,93","161,83",Germany,VOLATILE
2024-09-13,DATES,"2142,41","130,61",Germany,FALLING
2023-09-28,CITRUS_FRUITS,"1337,76","175,98",Germany,FALLING
2023-08-07,CITRUS_FRUITS,"1404,16","167,98",Germany,STABLE
2025-11-29,DATES,"2422,04","194,50",France,FALLING
2023-06-04,CITRUS_FRUITS,"1410,44","181,32",Germany,STABLE
2025-12-13,DATES,"2420,65","140,13",France,UNPREDICTABLE
2024-09-19,CITRUS_FRUITS,"1311,43","75,90",Germany,STABLE
2024-06-08,CITRUS_FRUITS,"1196,45","60,50",Germany,RISING
2025-03-06,DATES,"2202,18","134,45",France,RISING
2023-05-06,DATES,"2416,88","134,02",Germany,UNPREDICTABLE
2025-03-23,CITRUS_FRUITS,"1460,19","55,06",Germany,VOLATILE
2023-03-02,OLIVE_OIL,"3741,52","59,48",Germany,STABLE
2023-09-01,OLIVE_OIL,"3727,64","54,31",France,UNPREDICTABLE
2024-01-09,WHEAT,"869,78","126,71",France,FALLING
2023-11-23,WHEAT,"809,99","51,83",Germany,VOLATILE
2024-01-12,CITRUS_FRUITS,"1337,41","153,45",France,RISING
2024-10-02,OLIVE_OIL,"3883,16","189,94",Germany,FALLING
2025-04-07,DATES,"2147,90","160,65",Germany,FALLING
2024-01-04,OLIVE_OIL,"3879,59","129,72",France,UNPREDICTABLE
2024-04-18,CITRUS_FRUITS,"1228,57","96,41",Germany,RISING
2025-09-03,CITRUS_FRUITS,"1230,84","152,11",France,UNPREDICTABLE
2024-12-07,WHEAT,"841,64","155,82",France,VOLATILE
2024-01-18,WHEAT,"749,69","80,26",France,VOLATILE
2025-04-06,OLIVE_OIL,"3878,81","131,77",France,STABLE
2024-04-09,OLIVE_OIL,"3329,55","176,93",France,UNPREDICTABLE
2024-08-26,CITRUS_FRUITS,"1116,38","169,18",France,RISING
2025-06-25,DATES,"2172,37","108,00",France,FALLING
2024-02-06,WHEAT,"820,73","82,55",France,VOLATILE
2025-01-11,WHEAT,"739,37","50,94",Germany,VOLATILE
2023-04-06,CITRUS_FRUITS,"1103,73","134,38",Germany,FALLING
2024-12-22,CITRUS_FRUITS,"1401,93","114,45",France,STABLE
2023-06-17,DATES,"2895,15","59,33",Germany,UNPREDICTABLE
2025-03-13,DATES,"2891,59","122,75",Germany,RISING
2024-08-21,DATES,"2004,50","56,69",France,VOLATILE
2023-02-07,WHEAT,"729,13","56,15",France,RISING
2024-07-12,CITRUS_FRUITS,"1110,99","160,98",France,VOLATILE
2023-06-14,WHEAT,"827,55","126,17",France,VOLATILE
2023-01-23,WHEAT,"722,92","138,30",France,VOLATILE
2025-03-07,WHEAT,"803,64","101,70",France,RISING
2024-04-11,CITRUS_FRUITS,"1120,94","143,20",France,STABLE
2023-11-02,OLIVE_OIL,"3837,40","89,87",France,FALLING
2023-12-21,CITRUS_FRUITS,"1004,04","158,80",France,FALLING
2023-03-12,DATES,"2781,33","62,76",France,VOLATILE
2023-04-17,DATES,"2664,92","179,78",France,UNPREDICTABLE
2025-08-16,WHEAT,"871,31","108,64",Germany,STABLE
2024-12-22,DATES,"2124,91","136,01",Germany,UNPREDICTABLE
2024-04-08,CITRUS_FRUITS,"1404,69","124,19",France,UNPREDICTABLE
2023-10-22,WHEAT,"799,08","91,64",France,UNPREDICTABLE
2024-02-25,WHEAT,"762,99","101,04",Germany,STABLE
2024-10-18,DATES,"2493,64","92,04",France,RISING
2025-02-07,OLIVE_OIL,"3720,67","98,16",France,RISING
2025-01-10,CITRUS_FRUITS,"1076,38","118,73",France,VOLATILE
2025-01-29,OLIVE_OIL,"3379,93","78,66",Germany,FALLING
2024-08-29,DATES,"2479,18","199,62",Germany,VOLATILE
2023-12-04,WHEAT,"772,12","127,23",Germany,FALLING
2025-07-10,OLIVE_OIL,"3971,28","159,55",Germany,STABLE
2024-04-05,WHEAT,"812,78","101,93",Germany,UNPREDICTABLE
2023-02-23,OLIVE_OIL,"3159,62","183,70",France,STABLE
2023-04-09,OLIVE_OIL,"3538,72","61,55",France,STABLE
2025-04-29,DATES,"2578,90","103,59",Germany,VOLATILE
2024-01-28,CITRUS_FRUITS,"1263,04","147,33",Germany,UNPREDICTABLE
2025-03-24,CITRUS_FRUITS,"1415,90","153,40",Germany,RISING
2023-04-25,DATES,"2519,81","135,01",France,FALLING
2025-07-14,CITRUS_FRUITS,"1327,37","131,43",Germany,FALLING
2025-08-31,WHEAT,"775,54","111,28",Germany,RISING
2023-01-09,OLIVE_OIL,"3145,92","89,11",France,VOLATILE
2022-12-27,CITRUS_FRUITS,"1134,35","165,46",France,RISING
2023-06-24,WHEAT,"813,12","157,71",France,RISING
2025-03-04,WHEAT,"898,30","175,44",France,STABLE
2023-01-28,WHEAT,"773,80","159,97",France,STABLE
2023-12-08,DATES,"2949,13","53,90",Germany,FALLING
2025-10-30,CITRUS_FRUITS,"1190,73","141,82",France,STABLE
2023-10-08,CITRUS_FRUITS,"1407,57","108,57",France,VOLATILE
2024-02-28,CITRUS_FRUITS,"1138,55","146,53",France,UNPREDICTABLE
2024-09-22,OLIVE_OIL,"3176,46","157,77",Germany,RISING
2024-08-31,DATES,"2769,65","141,33",France,RISING
2024-12-16,CITRUS_FRUITS,"1344,01","129,92",France,FALLING
2023-01-15,WHEAT,"735,38","143,80",Germany,RISING
2025-07-29,DATES,"2524,26","113,19",France,UNPREDICTABLE
2024-07-09,DATES,"2268,19","183,29",Germany,VOLATILE
2023-10-26,DATES,"2162,69","109,13",Germany,STABLE
2025-05-19,OLIVE_OIL,"3555,50","69,45",Germany,STABLE
2025-06-24,WHEAT,"856,97","81,27",France,RISING
2025-12-18,WHEAT,"787,58","178,22",France,FALLING
2023-07-01,WHEAT,"865,92","177,67",Germany,RISING
2025-05-22,OLIVE_OIL,"3859,83","152,37",France,RISING
2024-01-04,WHEAT,"796,77","143,40",France,UNPREDICTABLE
2025-12-14,CITRUS_FRUITS,"1196,69","101,89",Germany,RISING
2024-02-15,OLIVE_OIL,"3146,15","126,80",France,VOLATILE
2023-02-04,WHEAT,"880,89","76,44",Germany,VOLATILE
2025-01-31,OLIVE_OIL,"3148,23","170,64",France,RISING
2025-03-30,CITRUS_FRUITS,"1106,53","69,93",Germany,UNPREDICTABLE
2024-06-26,WHEAT,"753,87","67,02",Germany,FALLING
2024-01-31,OLIVE_OIL,"3408,42","154,67",France,RISING
2022-12-24,OLIVE_OIL,"3828,92","92,03",France,FALLING
2025-08-24,CITRUS_FRUITS,"1363,96","80,10",France,VOLATILE
2023-04-18,CITRUS_FRUITS,"1196,30","174,10",Germany,RISING
2023-05-17,DATES,"2161,31","108,47",Germany,RISING
2023-06-09,OLIVE_OIL,"3376,71","187,01",France,VOLATILE
2025-03-17,WHEAT,"737,87","97,48",Germany,STABLE
2025-12-18,OLIVE_OIL,"3086,33","196,57",France,STABLE
2024-02-04,WHEAT,"763,54","177,35",Germany,FALLING
2024-03-06,WHEAT,"894,48","126,83",Germany,UNPREDICTABLE
2024-11-02,OLIVE_OIL,"3315,74","107,29",France,FALLING
2023-06-18,WHEAT,"728,48","149,83",Germany,STABLE
2025-02-23,CITRUS_FRUITS,"1160,44","133,76",Germany,UNPREDICTABLE
2024-03-25,OLIVE_OIL,"3410,71","139,95",France,STABLE
2024-11-03,DATES,"2218,10","60,58",Germany,UNPREDICTABLE
2024-11-29,WHEAT,"784,52","171,63",France,STABLE
2025-01-29,CITRUS_FRUITS,"1477,68","178,28",Germany,RISING
2025-03-19,CITRUS_FRUITS,"1319,14","176,56",Germany,VOLATILE
2024-01-09,DATES,"2704,50","87,67",Germany,FALLING
2025-10-17,WHEAT,"742,20","64,25",France,STABLE
2025-09-10,WHEAT,"705,66","190,09",France,FALLING
2025-01-05,OLIVE_OIL,"3045,33","147,00",France,UNPREDICTABLE
2023-02-27,WHEAT,"792,69","154,34",Germany,STABLE
2023-06-03,CITRUS_FRUITS,"1285,04","98,08",France,VOLATILE
2024-02-08,OLIVE_OIL,"3179,87","107,64",Germany,RISING
2024-04-19,WHEAT,"702,27","109,31",France,STABLE
2024-11-21,CITRUS_FRUITS,"1313,13","135,79",Germany,VOLATILE
2023-09-16,OLIVE_OIL,"3200,93","151,74",France,FALLING
2023-11-12,CITRUS_FRUITS,"1161,20","164,68",France,RISING
2025-12-16,CITRUS_FRUITS,"1102,39","180,70",Germany,RISING
2024-03-28,OLIVE_OIL,"3208,06","83,45",France,STABLE
2024-12-17,OLIVE_OIL,"3307,34","113,80",France,FALLING
2025-01-27,OLIVE_OIL,"3208,65","156,50",France,RISING
2024-07-13,CITRUS_FRUITS,"1068,19","98,20",France,FALLING
2025-04-19,DATES,"2928,10","159,45",Germany,VOLATILE
2023-06-02,CITRUS_FRUITS,"1481,84","120,90",Germany,FALLING
2025-02-23,CITRUS_FRUITS,"1314,38","61,47",France,RISING
2023-09-30,OLIVE_OIL,"3466,75","153,11",Germany,VOLATILE
2025-10-25,OLIVE_OIL,"3908,64","163,94",France,FALLING
2023-06-01,CITRUS_FRUITS,"1243,37","107,53",France,FALLING
2023-04-14,WHEAT,"847,25","142,88",Germany,STABLE
2025-07-27,WHEAT,"813,51","124,72",Germany,FALLING
2025-03-25,DATES,"2752,88","80,17",Germany,UNPREDICTABLE
2023-12-24,WHEAT,"762,32","92,23",France,RISING
2023-07-31,WHEAT,"700,58","155,98",France,STABLE
2025-05-15,DATES,"2836,86","187,82",France,STABLE
2024-10-01,WHEAT,"800,35","62,33",Germany,FALLING
2024-12-08,CITRUS_FRUITS,"1435,58","75,33",France,FALLING
2023-04-13,DATES,"2302,46","135,38",France,VOLATILE
2025-11-27,DATES,"2268,05","119,45",France,RISING
2024-03-06,CITRUS_FRUITS,"1484,89","91,18",Germany,FALLING
2024-02-12,CITRUS_FRUITS,"1489,93","73,26",Germany,UNPREDICTABLE
2025-10-29,DATES,"2623,44","137,65",Germany,UNPREDICTABLE
2024-07-23,WHEAT,"854,61","179,49",Germany,RISING
2023-01-20,DATES,"2959,49","122,41",France,VOLATILE
2024-09-08,OLIVE_OIL,"3221,02","64,38",Germany,VOLATILE
2023-11-12,WHEAT,"882,11","64,24",Germany,UNPREDICTABLE
2025-05-26,OLIVE_OIL,"3759,22","140,37",France,STABLE
2025-07-19,WHEAT,"871,02","52,85",France,FALLING
2023-07-29,OLIVE_OIL,"3838,33","71,23",Germany,VOLATILE
2024-07-09,WHEAT,"807,07","89,66",Germany,RISING
2025-06-14,DATES,"2460,07","140,83",France,UNPREDICTABLE
2023-05-11,DATES,"2094,93","179,38",France,STABLE
2023-02-18,OLIVE_OIL,"3631,11","154,46",France,UNPREDICTABLE
2023-08-19,CITRUS_FRUITS,"1447,72","119,92",France,RISING
2024-06-01,OLIVE_OIL,"3520,19","138,61",France,RISING
2023-01-03,DATES,"2022,76","125,65",Germany,VOLATILE
2023-07-02,OLIVE_OIL,"3353,51","93,18",France,RISING
2024-05-06,OLIVE_OIL,"3642,96","156,28",France,STABLE
2023-03-03,WHEAT,"766,75","137,20",France,RISING
2025-07-01,OLIVE_OIL,"3618,05","61,58",France,VOLATILE
2024-10-06,OLIVE_OIL,"3117,61","176,83",Germany,VOLATILE
2025-09-19,OLIVE_OIL,"3041,71","139,20",Germany,UNPREDICTABLE
2024-12-10,WHEAT,"827,44","61,71",Germany,FALLING
2023-03-20,OLIVE_OIL,"3605,13","90,61",France,VOLATILE
2025-12-14,OLIVE_OIL,"3300,43","183,64",France,VOLATILE
2025-12-11,DATES,"2953,24","97,68",Germany,UNPREDICTABLE
2023-06-21,WHEAT,"871,11","108,56",France,STABLE
2023-02-16,CITRUS_FRUITS,"1220,63","129,74",Germany,RISING
2024-12-22,DATES,"2454,88","70,58",Germany,STABLE
2023-08-12,WHEAT,"890,39","78,74",Germany,STABLE
2023-07-18,DATES,"2702,99","144,42",France,RISING
2023-09-24,WHEAT,"836,72","57,31",Germany,VOLATILE
2023-05-29,WHEAT,"844,91","199,78",France,RISING
2023-06-02,CITRUS_FRUITS,"1034,46","82,28",Germany,RISING
2023-01-24,OLIVE_OIL,"3536,92","179,00",France,UNPREDICTABLE
2023-03-06,CITRUS_FRUITS,"1117,54","53,62",France,RISING
2025-05-09,OLIVE_OIL,"3262,49","126,58",France,VOLATILE
2024-03-10,DATES,"2664,84","76,17",France,UNPREDICTABLE
2023-03-26,DATES,"2966,30","186,95",Germany,STABLE
2023-11-10,OLIVE_OIL,"3969,23","159,27",Germany,RISING
2024-04-13,CITRUS_FRUITS,"1076,87","74,01",Germany,VOLATILE
2024-07-16,DATES,"2931,67","166,60",France,FALLING
2024-10-25,WHEAT,"742,74","103,79",France,VOLATILE
2023-06-16,OLIVE_OIL,"3233,83","176,28",France,FALLING
2024-12-25,DATES,"2342,04","68,86",France,UNPREDICTABLE
2024-02-08,CITRUS_FRUITS,"1261,66","98,71",France,UNPREDICTABLE
2023-11-04,OLIVE_OIL,"3731,20","70,78",France,UNPREDICTABLE
2024-11-19,WHEAT,"846,70","137,00",Germany,RISING
2023-02-28,CITRUS_FRUITS,"1030,06","114,19",France,STABLE
2024-07-14,CITRUS_FRUITS,"1407,62","112,55",France,RISING
2025-05-10,DATES,"2570,51","103,90",France,VOLATILE
2024-10-29,DATES,"2291,26","65,76",Germany,RISING
2024-09-30,DATES,"2264,16","123,49",France,VOLATILE
2025-10-22,DATES,"2292,78","79,21",Germany,VOLATILE
2023-03-02,WHEAT,"701,31","161,85",France,STABLE
2024-01-13,OLIVE_OIL,"3988,89","158,37",France,FALLING
2025-11-14,WHEAT,"814,40","141,22",Germany,FALLING
2022-12-29,CITRUS_FRUITS,"1284,33","142,31",France,VOLATILE
2023-04-08,WHEAT,"883,06","88,00",Germany,STABLE
2023-05-14,DATES,"2186,26","104,28",Germany,FALLING
2024-11-28,DATES,"2205,33","175,00",Germany,STABLE
2023-05-16,WHEAT,"805,83","89,73",France,FALLING
2025-05-11,CITRUS_FRUITS,"1202,69","101,43",France,VOLATILE
2024-01-03,CITRUS_FRUITS,"1459,78","176,63",Germany,FALLING
2023-12-28,DATES,"2435,79","164,22",France,STABLE
2025-09-02,WHEAT,"721,87","80,63",France,FALLING
2023-06-13,OLIVE_OIL,"3203,61","111,98",Germany,FALLING
2023-12-29,DATES,"2178,47","114,98",Germany,STABLE
2023-12-21,OLIVE_OIL,"3034,89","160,25",Germany,VOLATILE
2023-02-04,OLIVE_OIL,"3197,17","102,68",France,STABLE
2024-01-18,OLIVE_OIL,"3294,37","184,31",France,RISING
2025-10-17,WHEAT,"812,42","75,85",Germany,UNPREDICTABLE
2024-10-27,OLIVE_OIL,"3227,95","193,15",Germany,RISING
2024-07-12,CITRUS_FRUITS,"1083,19","184,69",Germany,STABLE
2023-11-02,CITRUS_FRUITS,"1156,51","126,00",Germany,RISING
2025-11-25,WHEAT,"862,80","126,09",France,UNPREDICTABLE
2023-04-13,DATES,"2651,87","199,87",France,FALLING
2024-09-30,DATES,"2538,47","89,35",Germany,RISING
2025-04-30,CITRUS_FRUITS,"1096,58","74,63",Germany,UNPREDICTABLE
2023-08-15,CITRUS_FRUITS,"1368,01","153,88",France,UNPREDICTABLE
2024-09-22,DATES,"2816,85","89,01",Germany,STABLE
2024-05-26,WHEAT,"754,70","61,41",Germany,UNPREDICTABLE
2025-08-17,DATES,"2567,65","58,98",Germany,STABLE
2025-06-16,OLIVE_OIL,"3981,04","122,67",Germany,RISING
2025-06-15,DATES,"2571,97","167,10",Germany,RISING
2024-06-11,CITRUS_FRUITS,"1094,88","156,00",France,VOLATILE
2024-02-25,OLIVE_OIL,"3423,84","109,12",Germany,FALLING
2025-03-24,OLIVE_OIL,"3224,61","142,78",France,STABLE
2025-10-15,CITRUS_FRUITS,"1037,36","51,41",Germany,FALLING
2025-10-03,WHEAT,"702,49","172,30",France,STABLE
2025-06-15,WHEAT,"802,49","90,65",France,VOLATILE
2025-05-20,DATES,"2215,56","135,82",France,RISING
2025-12-20,DATES,"2764,43","194,24",France,UNPREDICTABLE
2024-08-17,DATES,"2551,03","117,47",Germany,FALLING
2024-04-22,WHEAT,"702,08","87,87",France,FALLING
2023-01-26,CITRUS_FRUITS,"1102,73","66,85",France,STABLE
2024-10-07,WHEAT,"867,91","93,78",Germany,FALLING
2025-06-21,DATES,"2505,94","75,80",Germany,RISING
2024-06-11,OLIVE_OIL,"3937,69","61,04",France,RISING
2024-05-07,DATES,"2256,98","69,36",France,VOLATILE
2025-06-16,CITRUS_FRUITS,"1369,49","166,49",France,UNPREDICTABLE
2025-08-23,OLIVE_OIL,"3403,66","158,24",Germany,STABLE
2025-09-12,WHEAT,"865,60","52,62",Germany,RISING
2024-01-12,DATES,"2931,20","88,00",France,FALLING
2024-11-23,CITRUS_FRUITS,"1063,52","155,98",France,VOLATILE
2025-07-01,OLIVE_OIL,"3161,07","157,10",France,UNPREDICTABLE
2023-04-03,DATES,"2153,38","117,53",Germany,RISING
2024-04-13,WHEAT,"870,76","164,06",Germany,RISING
2025-04-18,CITRUS_FRUITS,"1441,34","153,42",Germany,UNPREDICTABLE
2025-04-19,DATES,"2778,60","181,05",France,VOLATILE
2024-11-11,WHEAT,"700,52","52,51",Germany,FALLING
2023-12-06,OLIVE_OIL,"3660,12","88,78",Germany,RISING
2023-07-08,DATES,"2592,39","104,47",Germany,FALLING
2025-01-16,OLIVE_OIL,"3662,24","95,45",France,UNPREDICTABLE
2023-09-15,OLIVE_OIL,"3513,65","199,37",Germany,FALLING
2023-06-02,OLIVE_OIL,"3819,26","149,36",France,UNPREDICTABLE
2023-03-09,OLIVE_OIL,"3046,98","127,78",France,UNPREDICTABLE
2024-06-09,DATES,"2074,55","92,91",Germany,UNPREDICTABLE
2025-05-30,OLIVE_OIL,"3560,09","97,39",Germany,STABLE
2024-03-14,DATES,"2836,88","192,81",Germany,FALLING
2023-08-16,WHEAT,"748,48","69,94",France,UNPREDICTABLE
2023-07-04,OLIVE_OIL,"3214,47","69,07",Germany,RISING
2022-12-20,WHEAT,"738,23","159,67",France,VOLATILE
2025-06-17,DATES,"2337,08","82,55",Germany,RISING
2023-04-25,DATES,"2384,45","171,98",Germany,VOLATILE
2023-01-26,CITRUS_FRUITS,"1213,06","128,77",Germany,FALLING
2025-05-28,WHEAT,"765,20","148,53",Germany,RISING
2023-12-31,CITRUS_FRUITS,"1261,56","122,74",Germany,VOLATILE
2023-05-07,DATES,"2397,26","72,45",Germany,VOLATILE
2023-09-10,CITRUS_FRUITS,"1018,25","197,39",France,STABLE
2023-08-10,OLIVE_OIL,"3201,57","74,94",France,STABLE
2024-01-12,OLIVE_OIL,"3517,03","175,49",Germany,RISING
2024-08-24,DATES,"2435,84","121,93",France,RISING
2023-05-18,WHEAT,"764,40","162,54",France,FALLING
2023-06-30,OLIVE_OIL,"3074,71","146,95",France,RISING
2025-11-11,WHEAT,"715,63","95,70",France,FALLING
2024-11-30,DATES,"2902,47","134,12",Germany,UNPREDICTABLE
2023-07-31,OLIVE_OIL,"3103,97","170,97",Germany,FALLING
2024-06-29,OLIVE_OIL,"3677,87","142,15",Germany,UNPREDICTABLE
2024-02-26,OLIVE_OIL,"3200,66","58,83",Germany,FALLING
2025-01-29,OLIVE_OIL,"3466,93","148,45",Germany,STABLE
2023-12-22,DATES,"2473,07","105,74",France,UNPREDICTABLE
2024-11-22,CITRUS_FRUITS,"1464,47","79,17",Germany,FALLING
2023-04-04,OLIVE_OIL,"3089,70","106,29",Germany,RISING
2023-09-22,WHEAT,"818,16","129,21",Germany,UNPREDICTABLE
2023-04-01,CITRUS_FRUITS,"1071,29","118,75",France,VOLATILE
2025-04-11,CITRUS_FRUITS,"1197,43","163,18",Germany,UNPREDICTABLE
2024-11-02,DATES,"2016,90","183,72",France,RISING
2025-06-19,WHEAT,"711,09","176,18",France,UNPREDICTABLE
2023-03-19,DATES,"2930,64","193,48",France,STABLE
2023-10-10,WHEAT,"701,84","80,45",Germany,FALLING
2025-02-09,OLIVE_OIL,"3554,37","147,00",Germany,VOLATILE
2025-11-13,CITRUS_FRUITS,"1497,09","121,82",Germany,FALLING
2023-09-02,WHEAT,"874,26","162,98",France,STABLE
2025-09-20,WHEAT,"808,71","116,89",France,STABLE
2024-07-17,OLIVE_OIL,"3687,81","111,01",Germany,FALLING
2025-04-30,CITRUS_FRUITS,"1464,00","89,95",France,STABLE
2025-03-01,WHEAT,"790,92","108,17",Germany,FALLING
2024-07-15,OLIVE_OIL,"3333,04","125,63",Germany,STABLE
2023-06-16,WHEAT,"761,70","166,20",France,RISING
2023-06-26,WHEAT,"761,12","141,01",France,VOLATILE
2023-05-03,CITRUS_FRUITS,"1247,72","161,45",Germany,RISING
2024-01-14,OLIVE_OIL,"3755,53","168,63",France,VOLATILE
2025-08-21,CITRUS_FRUITS,"1292,08","137,93",Germany,UNPREDICTABLE
2025-11-19,CITRUS_FRUITS,"1023,48","128,73",Germany,VOLATILE
2023-10-02,CITRUS_FRUITS,"1065,74","90,50",France,STABLE
2023-12-09,DATES,"2964,74","57,32",France,STABLE
2025-04-16,WHEAT,"841,75","63,57",Germany,FALLING
2023-01-04,CITRUS_FRUITS,"1295,53","143,47",France,FALLING
2025-11-23,CITRUS_FRUITS,"1224,94","87,41",Germany,UNPREDICTABLE
2023-03-24,DATES,"2377,47","117,26",France,FALLING
2024-09-19,CITRUS_FRUITS,"1265,57","112,36",France,UNPREDICTABLE
2025-01-17,DATES,"2947,41","116,96",France,FALLING
2024-01-18,OLIVE_OIL,"3242,83","138,08",Germany,VOLATILE
2023-01-19,WHEAT,"782,89","101,76",France,UNPREDICTABLE
2024-03-16,DATES,"2562,77","173,09",Germany,UNPREDICTABLE
2023-12-16,DATES,"2251,47","163,64",France,UNPREDICTABLE
2025-01-30,CITRUS_FRUITS,"1196,12","146,86",Germany,STABLE
2023-11-02,WHEAT,"899,09","79,67",France,RISING
2023-06-28,OLIVE_OIL,"3864,05","84,51",France,FALLING
2024-02-29,DATES,"2324,04","83,48",Germany,UNPREDICTABLE
2023-02-10,OLIVE_OIL,"3383,14","141,51",France,STABLE
2023-02-11,WHEAT,"757,57","72,01",Germany,VOLATILE
2025-02-09,WHEAT,"761,97","133,50",Germany,RISING
2025-11-10,DATES,"2734,52","51,35",France,FALLING
2023-01-24,WHEAT,"789,20","183,39",France,UNPREDICTABLE
2023-11-09,WHEAT,"741,89","162,80",Germany,RISING
2025-12-15,WHEAT,"846,77","96,09",Germany,RISING
2023-02-28,DATES,"2868,06","167,92",France,UNPREDICTABLE
2025-09-14,DATES,"2828,16","57,96",France,STABLE
2024-07-02,CITRUS_FRUITS,"1092,61","108,77",Germany,STABLE
2023-02-17,CITRUS_FRUITS,"1225,83","196,20",France,VOLATILE
2023-10-17,OLIVE_OIL,"3496,66","147,02",France,UNPREDICTABLE
2025-02-03,DATES,"2693,76","170,52",Germany,STABLE
2023-10-14,CITRUS_FRUITS,"1328,83","173,18",Germany,STABLE
2023-07-25,OLIVE_OIL,"3662,99","157,11",France,UNPREDICTABLE
2025-07-29,OLIVE_OIL,"3354,13","114,62",Germany,STABLE
2023-02-19,OLIVE_OIL,"3153,03","122,26",France,VOLATILE
2023-07-22,CITRUS_FRUITS,"1425,64","108,63",Germany,STABLE
2024-10-08,OLIVE_OIL,"3232,75","170,79",Germany,STABLE
2024-01-11,DATES,"2214,99","194,24",Germany,FALLING
2024-12-21,CITRUS_FRUITS,"1460,11","141,53",Germany,UNPREDICTABLE
2024-12-14,CITRUS_FRUITS,"1145,50","113,92",France,FALLING
2023-07-20,CITRUS_FRUITS,"1175,46","109,98",France,VOLATILE
2024-03-30,OLIVE_OIL,"3977,25","153,98",France,FALLING
2025-11-05,CITRUS_FRUITS,"1050,22","195,47",Germany,UNPREDICTABLE
2024-09-17,OLIVE_OIL,"3574,31","89,87",France,VOLATILE
2024-04-04,OLIVE_OIL,"3571,42","57,98",France,FALLING
2025-09-06,CITRUS_FRUITS,"1124,58","89,97",France,RISING
2024-09-21,CITRUS_FRUITS,"1302,76","156,80",Germany,UNPREDICTABLE
2023-06-06,WHEAT,"879,50","119,25",Germany,VOLATILE
2023-12-17,CITRUS_FRUITS,"1364,93","131,30",Germany,VOLATILE
2025-05-15,WHEAT,"887,94","121,41",Germany,RISING
2024-10-22,WHEAT,"839,75","51,00",France,RISING
2024-06-24,OLIVE_OIL,"3835,64","145,68",France,FALLING
2023-08-31,CITRUS_FRUITS,"1120,12","120,05",Germany,STABLE
2023-03-24,OLIVE_OIL,"3353,27","72,14",Germany,RISING
2024-08-22,DATES,"2168,35","158,64",France,STABLE
2024-07-03,OLIVE_OIL,"3876,65","126,55",Germany,STABLE
2025-10-26,OLIVE_OIL,"3270,42","71,06",France,UNPREDICTABLE
2025-10-08,CITRUS_FRUITS,"1143,97","113,67",France,UNPREDICTABLE
2023-07-16,WHEAT,"826,04","148,13",France,UNPREDICTABLE
2024-04-04,CITRUS_FRUITS,"1104,54","134,99",France,STABLE
2024-06-09,OLIVE_OIL,"3296,73","88,84",France,STABLE
2025-04-24,DATES,"2637,87","194,83",France,FALLING
2023-05-08,DATES,"2459,09","163,61",Germany,FALLING
2023-08-03,DATES,"2263,93","185,85",France,FALLING
2025-09-21,OLIVE_OIL,"3537,25","179,29",France,VOLATILE
2025-12-01,CITRUS_FRUITS,"1499,76","132,82",Germany,RISING
2023-03-25,CITRUS_FRUITS,"1424,57","193,18",France,STABLE
2023-11-29,DATES,"2510,34","160,70",Germany,RISING
2024-12-04,DATES,"2764,12","61,17",France,FALLING
2025-03-28,DATES,"2781,75","140,91",France,UNPREDICTABLE
2025-08-10,WHEAT,"800,60","192,39",Germany,STABLE
2024-09-10,DATES,"2005,15","56,87",Germany,RISING
2024-01-15,CITRUS_FRUITS,"1497,37","70,35",France,RISING
2025-08-30,DATES,"2319,97","67,58",Germany,FALLING
2023-08-07,WHEAT,"790,01","138,01",Germany,STABLE
2025-04-17,OLIVE_OIL,"3196,42","185,48",France,UNPREDICTABLE
2024-01-18,DATES,"2561,87","81,83",France,VOLATILE
2024-01-30,OLIVE_OIL,"3493,96","122,19",Germany,VOLATILE
2023-06-26,CITRUS_FRUITS,"1246,67","87,07",Germany,UNPREDICTABLE
2024-11-28,CITRUS_FRUITS,"1240,42","193,52",Germany,RISING
2024-06-30,CITRUS_FRUITS,"1031,33","124,56",France,UNPREDICTABLE
2024-02-06,DATES,"2349,80","162,24",France,RISING
2024-11-21,CITRUS_FRUITS,"1392,87","166,16",France,STABLE
2023-10-22,OLIVE_OIL,"3015,03","134,99",Germany,RISING
2023-09-10,OLIVE_OIL,"3686,47","64,01",France,RISING
2024-09-30,OLIVE_OIL,"3225,64","167,04",Germany,RISING
2023-01-13,CITRUS_FRUITS,"1017,31","116,02",France,VOLATILE
2024-09-27,CITRUS_FRUITS,"1140,37","65,96",Germany,FALLING
2024-01-21,OLIVE_OIL,"3421,82","77,49",Germany,STABLE
2025-06-11,DATES,"2881,33","173,05",France,UNPREDICTABLE
2023-11-12,CITRUS_FRUITS,"1417,83","116,41",Germany,STABLE
2025-10-25,DATES,"2904,02","188,74",France,FALLING
2023-12-15,WHEAT,"828,40","197,30",Germany,UNPREDICTABLE
2023-03-20,CITRUS_FRUITS,"1066,00","195,57",France,VOLATILE
2025-11-29,OLIVE_OIL,"3635,65","116,21",France,STABLE
2024-04-14,WHEAT,"745,63","120,07",France,VOLATILE
2024-12-21,WHEAT,"813,96","196,60",France,UNPREDICTABLE
2023-06-17,OLIVE_OIL,"3485,61","62,13",Germany,RISING
2023-08-25,CITRUS_FRUITS,"1411,95","143,86",Germany,RISING
2024-03-05,DATES,"2140,77","58,27",Germany,VOLATILE
2023-07-12,DATES,"2120,87","193,10",France,RISING
2023-11-28,OLIVE_OIL,"3284,23","132,26",France,STABLE
2023-06-06,CITRUS_FRUITS,"1226,42","173,02",France,FALLING
2025-02-27,WHEAT,"830,89","174,51",Germany,UNPREDICTABLE
2025-07-06,OLIVE_OIL,"3626,44","95,49",Germany,STABLE
2025-10-09,DATES,"2849,40","128,86",France,UNPREDICTABLE
2025-09-29,WHEAT,"717,47","68,54",Germany,STABLE
2024-12-12,WHEAT,"848,32","102,98",Germany,UNPREDICTABLE
2024-03-26,DATES,"2934,42","67,63",France,STABLE
2024-08-15,CITRUS_FRUITS,"1065,67","56,09",France,FALLING
2023-07-07,CITRUS_FRUITS,"1141,61","137,64",France,VOLATILE
2023-10-26,DATES,"2923,26","105,23",France,RISING
2025-11-08,WHEAT,"777,96","135,57",Germany,FALLING
2025-11-15,OLIVE_OIL,"3362,01","128,76",France,FALLING
2025-09-19,OLIVE_OIL,"3194,06","111,46",Germany,FALLING
2025-07-02,WHEAT,"722,26","83,38",France,STABLE
2023-09-08,WHEAT,"738,73","62,32",France,VOLATILE
2024-10-03,OLIVE_OIL,"3212,16","88,24",France,STABLE
2025-01-09,CITRUS_FRUITS,"1403,86","81,82",France,UNPREDICTABLE
2025-11-24,CITRUS_FRUITS,"1102,60","117,49",Germany,RISING
2023-11-01,OLIVE_OIL,"3641,45","165,34",France,UNPREDICTABLE
2023-06-03,CITRUS_FRUITS,"1476,12","79,92",France,UNPREDICTABLE
2025-05-08,OLIVE_OIL,"3311,11","168,23",Germany,FALLING
2025-03-15,DATES,"2942,29","51,86",Germany,VOLATILE
2023-12-27,CITRUS_FRUITS,"1369,91","151,87",France,UNPREDICTABLE
2024-11-02,DATES,"2117,21","167,18",Germany,RISING
2023-12-25,WHEAT,"716,85","190,26",Germany,RISING
2025-09-06,OLIVE_OIL,"3502,04","155,40",France,FALLING
2023-02-14,CITRUS_FRUITS,"1351,25","97,01",France,FALLING
2024-04-03,CITRUS_FRUITS,"1087,65","56,86",Germany,STABLE
2025-08-20,OLIVE_OIL,"3823,03","170,11",Germany,UNPREDICTABLE
2024-02-17,OLIVE_OIL,"3364,29","80,98",Germany,VOLATILE
2023-02-02,WHEAT,"865,03","189,59",France,FALLING
2023-04-25,WHEAT,"840,13","161,33",France,VOLATILE
2023-05-07,OLIVE_OIL,"3290,95","90,45",France,UNPREDICTABLE
2023-11-17,CITRUS_FRUITS,"1460,63","98,88",France,FALLING
2024-12-14,WHEAT,"747,80","70,77",Germany,RISING
2024-12-25,DATES,"2549,75","171,96",Germany,RISING
2023-05-01,OLIVE_OIL,"3199,83","182,61",France,FALLING
2023-08-06,DATES,"2343,61","179,20",Germany,VOLATILE
2025-06-28,OLIVE_OIL,"3043,49","90,46",France,FALLING
2025-01-20,CITRUS_FRUITS,"1271,05","169,24",Germany,STABLE
2024-03-22,DATES,"2719,27","169,95",France,VOLATILE
2024-08-27,CITRUS_FRUITS,"1100,17","148,28",Germany,FALLING
2023-04-25,WHEAT,"763,55","56,49",Germany,VOLATILE
2024-12-26,WHEAT,"728,87","144,32",Germany,FALLING
2024-12-22,OLIVE_OIL,"3115,20","91,57",Germany,VOLATILE
2023-09-17,DATES,"2332,58","94,20",Germany,FALLING
2024-11-19,OLIVE_OIL,"3510,96","51,54",Germany,UNPREDICTABLE
2023-03-02,CITRUS_FRUITS,"1329,36","107,18",Germany,UNPREDICTABLE
2025-05-09,DATES,"2017,18","81,27",Germany,FALLING
2025-04-09,WHEAT,"796,26","196,30",France,FALLING
2023-12-20,WHEAT,"842,37","92,90",Germany,VOLATILE
2023-09-18,DATES,"2415,04","106,20",France,VOLATILE
2024-11-11,CITRUS_FRUITS,"1407,34","76,77",Germany,UNPREDICTABLE
2025-12-05,CITRUS_FRUITS,"1084,49","53,64",Germany,STABLE
2025-01-02,CITRUS_FRUITS,"1148,32","59,92",Germany,STABLE
2024-03-18,DATES,"2466,95","84,35",France,FALLING
2023-06-22,DATES,"2682,32","134,21",France,STABLE
2023-04-05,OLIVE_OIL,"3335,07","137,59",France,RISING
2025-01-24,DATES,"2456,45","114,33",Germany,FALLING
2023-06-06,OLIVE_OIL,"3291,79","96,87",Germany,UNPREDICTABLE
2024-06-21,CITRUS_FRUITS,"1366,92","72,97",France,UNPREDICTABLE
2023-04-19,OLIVE_OIL,"3225,45","193,38",France,FALLING
2024-04-12,DATES,"2103,19","188,22",France,UNPREDICTABLE
2023-07-30,WHEAT,"898,91","65,48",France,VOLATILE
2025-07-12,WHEAT,"861,03","175,65",Germany,STABLE
2025-03-13,CITRUS_FRUITS,"1017,91","65,72",France,RISING
2023-08-02,WHEAT,"830,89","114,92",Germany,VOLATILE
2023-05-09,OLIVE_OIL,"3515,58","194,06",Germany,RISING
2023-03-09,DATES,"2366,34","168,50",France,VOLATILE
2025-03-07,OLIVE_OIL,"3808,89","173,35",Germany,STABLE
2024-12-07,CITRUS_FRUITS,"1098,79","177,52",Germany,RISING
2023-09-15,WHEAT,"768,48","170,97",France,STABLE
2023-01-03,DATES,"2062,22","156,92",Germany,FALLING
2025-01-10,WHEAT,"717,10","57,74",Germany,VOLATILE
2025-02-06,DATES,"2532,10","50,29",Germany,UNPREDICTABLE
2024-10-24,OLIVE_OIL,"3225,25","82,79",Germany,VOLATILE
2025-04-11,OLIVE_OIL,"3382,27","141,40",France,UNPREDICTABLE
2025-06-27,CITRUS_FRUITS,"1404,93","180,72",France,FALLING
2023-12-17,WHEAT,"818,34","107,80",France,VOLATILE
2025-06-19,WHEAT,"779,31","114,60",France,FALLING
2024-01-13,WHEAT,"891,83","138,63",France,STABLE
2025-02-14,DATES,"2988,24","146,17",France,UNPREDICTABLE
2024-12-08,DATES,"2744,56","76,80",Germany,VOLATILE
2024-04-07,WHEAT,"858,90","161,83",France,RISING
2023-03-07,DATES,"2996,16","82,93",Germany,FALLING
2023-03-26,WHEAT,"820,41","170,73",France,RISING
2024-03-16,WHEAT,"794,60","55,95",Germany,FALLING
2023-08-28,OLIVE_OIL,"3790,07","178,60",Germany,UNPREDICTABLE
2024-04-07,OLIVE_OIL,"3323,86","182,97",France,STABLE
2025-08-12,OLIVE_OIL,"3274,61","178,54",France,RISING
2025-01-25,CITRUS_FRUITS,"1465,89","78,23",Germany,RISING
2024-11-20,OLIVE_OIL,"3918,65","137,56",France,VOLATILE
2024-08-27,CITRUS_FRUITS,"1292,61","158,70",Germany,STABLE
2025-07-13,CITRUS_FRUITS,"1095,85","194,96",Germany,RISING
2024-12-03,WHEAT,"877,06","91,20",France,STABLE
2024-02-10,WHEAT,"722,97","126,33",France,STABLE
2023-09-09,DATES,"2049,90","133,61",Germany,FALLING
2023-02-21,DATES,"2776,24","164,40",France,RISING
2024-01-02,OLIVE_OIL,"3524,02","129,99",Germany,VOLATILE
2023-04-13,OLIVE_OIL,"3951,77","55,37",France,RISING
2023-01-15,CITRUS_FRUITS,"1278,74","107,24",France,FALLING
2025-10-30,CITRUS_FRUITS,"1308,42","167,07",France,VOLATILE
2025-09-15,WHEAT,"831,86","158,07",France,VOLATILE
2025-04-29,WHEAT,"776,75","102,45",Germany,RISING
2025-09-05,OLIVE_OIL,"3089,39","182,96",France,RISING
2025-07-04,WHEAT,"730,02","59,85",Germany,RISING
2023-05-20,CITRUS_FRUITS,"1398,78","100,83",France,STABLE
2025-10-18,CITRUS_FRUITS,"1246,71","168,58",Germany,FALLING
2023-09-12,DATES,"2469,97","126,07",France,STABLE
2024-08-14,WHEAT,"819,40","116,10",France,UNPREDICTABLE
2025-01-13,WHEAT,"818,64","146,85",France,UNPREDICTABLE
2025-07-24,OLIVE_OIL,"3742,31","70,52",Germany,FALLING
2023-05-11,OLIVE_OIL,"3696,28","127,07",Germany,VOLATILE
2025-03-30,WHEAT,"830,60","189,57",France,VOLATILE
2025-11-17,OLIVE_OIL,"3180,37","192,06",Germany,VOLATILE
2024-05-19,OLIVE_OIL,"3225,62","94,80",France,STABLE
2022-12-28,CITRUS_FRUITS,"1198,44","145,33",France,VOLATILE
2023-09-12,CITRUS_FRUITS,"1216,17","177,24",France,UNPREDICTABLE
2025-03-28,CITRUS_FRUITS,"1441,81","151,54",France,VOLATILE
2023-07-02,WHEAT,"786,15","188,19",Germany,FALLING
2024-07-08,WHEAT,"883,90","157,92",Germany,VOLATILE
2024-04-15,DATES,"2165,91","56,31",France,STABLE
2024-03-16,WHEAT,"861,54","164,24",France,RISING
2025-06-19,OLIVE_OIL,"3999,78","109,85",Germany,VOLATILE
2025-07-30,OLIVE_OIL,"3547,69","188,80",Germany,VOLATILE
2025-07-26,WHEAT,"730,65","170,08",Germany,FALLING
2024-08-01,CITRUS_FRUITS,"1403,00","165,32",France,RISING
2025-01-15,DATES,"2995,89","169,81",Germany,FALLING
2023-04-01,CITRUS_FRUITS,"1173,09","193,25",Germany,RISING
2025-04-12,DATES,"2468,44","187,96",France,VOLATILE
2024-09-30,DATES,"2327,91","101,41",Germany,RISING
2025-12-20,OLIVE_OIL,"3173,60","79,15",France,UNPREDICTABLE
2025-10-29,DATES,"2135,40","172,54",France,VOLATILE
2023-07-21,CITRUS_FRUITS,"1459,86","114,41",Germany,FALLING
2024-03-29,WHEAT,"829,07","113,52",Germany,RISING
2025-07-08,CITRUS_FRUITS,"1376,51","186,59",France,RISING
2025-08-05,DATES,"2094,70","143,94",France,STABLE
2025-10-07,DATES,"2763,26","122,01",France,VOLATILE
2023-06-04,OLIVE_OIL,"3957,93","162,80",France,FALLING
2023-11-17,CITRUS_FRUITS,"1098,98","76,64",Germany,RISING
2025-05-21,CITRUS_FRUITS,"1247,31","190,94",Germany,STABLE
2025-07-06,WHEAT,"834,13","183,45",Germany,RISING
2023-10-29,OLIVE_OIL,"3877,04","74,05",Germany,STABLE
2025-10-17,OLIVE_OIL,"3497,89","154,27",France,STABLE
2025-09-25,OLIVE_OIL,"3057,96","68,79",Germany,UNPREDICTABLE
2025-02-08,OLIVE_OIL,"3450,46","177,62",France,RISING
2023-02-28,OLIVE_OIL,"3789,06","72,00",Germany,STABLE
2024-09-16,CITRUS_FRUITS,"1226,95","141,12",Germany,FALLING
2025-01-14,OLIVE_OIL,"3449,81","90,31",Germany,RISING
2023-05-08,OLIVE_OIL,"3023,46","94,68",France,STABLE
2025-06-23,DATES,"2597,23","85,37",France,UNPREDICTABLE
2025-08-20,CITRUS_FRUITS,"1234,27","108,22",France,STABLE
2025-03-22,CITRUS_FRUITS,"1198,24","66,91",France,STABLE
2023-12-12,WHEAT,"730,41","115,14",France,VOLATILE
2025-10-12,WHEAT,"768,52","143,71",France,UNPREDICTABLE
2025-05-09,CITRUS_FRUITS,"1169,74","70,21",Germany,RISING
2024-05-28,WHEAT,"886,67","129,98",France,UNPREDICTABLE
2023-03-07,DATES,"2423,29","188,05",France,STABLE
2024-09-10,WHEAT,"740,75","141,98",France,UNPREDICTABLE
2025-08-20,WHEAT,"811,45","166,12",France,VOLATILE
2025-08-12,DATES,"2281,62","57,49",Germany,RISING
2024-04-10,OLIVE_OIL,"3986,21","83,10",Germany,RISING
2023-06-11,WHEAT,"775,10","97,95",France,STABLE
2025-05-20,OLIVE_OIL,"3606,66","151,69",France,STABLE
2023-02-02,CITRUS_FRUITS,"1426,93","180,87",France,FALLING
2024-04-08,WHEAT,"808,52","141,82",Germany,UNPREDICTABLE
2023-02-22,DATES,"2326,60","77,34",Germany,RISING
2023-04-27,CITRUS_FRUITS,"1386,21","78,12",France,VOLATILE
2024-07-08,CITRUS_FRUITS,"1444,34","197,19",France,FALLING
2024-09-27,OLIVE_OIL,"3091,95","102,76",France,FALLING
2024-11-07,OLIVE_OIL,"3936,07","161,74",France,STABLE
2024-12-06,WHEAT,"889,67","132,45",France,VOLATILE
2025-07-11,WHEAT,"742,83","161,57",France,UNPREDICTABLE
2025-04-24,WHEAT,"886,08","125,75",France,FALLING
2024-11-30,WHEAT,"701,75","84,33",Germany,STABLE
2024-07-03,CITRUS_FRUITS,"1475,31","164,43",Germany,FALLING
2025-04-05,WHEAT,"828,02","134,93",Germany,UNPREDICTABLE
2023-11-12,WHEAT,"780,66","190,11",Germany,UNPREDICTABLE
2024-07-14,OLIVE_OIL,"3669,55","108,32",Germany,UNPREDICTABLE
2023-07-22,CITRUS_FRUITS,"1417,56","174,86",Germany,FALLING
2025-02-10,CITRUS_FRUITS,"1239,76","61,94",France,RISING
2025-09-11,WHEAT,"882,39","191,94",Germany,STABLE
2023-06-17,DATES,"2136,70","73,23",Germany,RISING
2024-08-29,CITRUS_FRUITS,"1359,15","190,53",Germany,VOLATILE
2025-01-25,DATES,"2698,62","104,28",France,STABLE
2025-10-15,WHEAT,"834,78","65,41",France,STABLE
2024-01-14,WHEAT,"774,77","133,87",Germany,VOLATILE
2023-09-02,CITRUS_FRUITS,"1301,17","50,64",France,VOLATILE
2025-03-19,CITRUS_FRUITS,"1097,98","154,18",France,VOLATILE
2023-03-09,WHEAT,"847,55","153,08",Germany,VOLATILE
2023-02-19,DATES,"2121,20","117,18",France,FALLING
2023-09-24,DATES,"2703,87","79,76",Germany,UNPREDICTABLE
2023-06-10,OLIVE_OIL,"3710,46","103,22",France,FALLING
2024-03-09,OLIVE_OIL,"3751,18","100,21",France,VOLATILE
2025-02-06,OLIVE_OIL,"3805,27","121,72",France,FALLING
2023-02-24,DATES,"2786,92","172,31",France,UNPREDICTABLE
2025-02-27,WHEAT,"871,65","191,41",Germany,STABLE
2025-03-16,WHEAT,"896,67","98,18",Germany,STABLE
2025-09-30,DATES,"2827,91","185,11",Germany,FALLING
2025-11-29,WHEAT,"899,90","63,53",France,VOLATILE
2025-03-17,WHEAT,"859,69","161,54",France,STABLE
2024-03-04,WHEAT,"720,21","51,84",Germany,UNPREDICTABLE
2024-09-04,CITRUS_FRUITS,"1366,99","144,04",Germany,RISING
2023-06-19,CITRUS_FRUITS,"1357,15","112,05",France,RISING
2025-08-26,OLIVE_OIL,"3028,02","143,78",Germany,FALLING
2025-12-03,DATES,"2198,64","195,93",Germany,RISING
2023-01-19,WHEAT,"851,61","62,24",Germany,STABLE
2024-01-11,WHEAT,"874,63","118,90",France,RISING
2023-08-05,DATES,"2805,21","195,62",France,UNPREDICTABLE
2023-06-26,CITRUS_FRUITS,"1291,08","85,49",Germany,STABLE
2024-05-25,DATES,"2249,85","101,06",Germany,VOLATILE
2024-04-13,DATES,"2335,37","158,11",France,FALLING
2025-05-07,DATES,"2702,17","72,02",Germany,VOLATILE
2023-02-12,CITRUS_FRUITS,"1403,55","85,38",Germany,UNPREDICTABLE
2023-06-15,DATES,"2478,99","57,99",Germany,VOLATILE
2025-10-06,OLIVE_OIL,"3730,30","193,77",Germany,VOLATILE
2025-06-09,WHEAT,"857,27","50,83",France,RISING
2025-04-02,DATES,"2470,28","183,68",France,RISING
2023-01-13,OLIVE_OIL,"3318,07","147,79",France,STABLE
2024-08-11,WHEAT,"762,67","58,69",Germany,STABLE
2025-07-24,CITRUS_FRUITS,"1465,40","188,56",Germany,VOLATILE
2024-04-14,WHEAT,"751,09","104,27",Germany,UNPREDICTABLE
2024-02-04,WHEAT,"761,03","101,50",France,UNPREDICTABLE
2025-04-25,WHEAT,"765,23","169,51",Germany,UNPREDICTABLE
2025-09-01,WHEAT,"850,70","181,30",France,STABLE
2023-03-09,OLIVE_OIL,"3732,85","193,30",France,VOLATILE
2023-02-03,CITRUS_FRUITS,"1292,39","108,19",France,STABLE
2024-03-30,OLIVE_OIL,"3360,68","53,38",Germany,FALLING
2024-12-21,DATES,"2685,48","56,07",France,STABLE
2024-01-19,WHEAT,"782,57","154,77",Germany,FALLING
2023-07-15,CITRUS_FRUITS,"1114,16","74,52",France,VOLATILE
2025-03-08,WHEAT,"745,44","161,12",France,UNPREDICTABLE
2025-05-24,CITRUS_FRUITS,"1333,87","117,27",France,FALLING
2023-06-29,OLIVE_OIL,"3553,27","60,13",France,RISING
2024-09-17,CITRUS_FRUITS,"1216,38","126,95",Germany,UNPREDICTABLE
2024-08-20,OLIVE_OIL,"3826,04","141,98",France,UNPREDICTABLE
2023-06-26,CITRUS_FRUITS,"1488,70","73,58",Germany,RISING
2025-07-24,DATES,"2220,60","106,80",Germany,FALLING
2024-02-22,OLIVE_OIL,"3098,68","181,92",Germany,UNPREDICTABLE
2023-04-11,OLIVE_OIL,"3523,44","104,85",France,RISING
2023-12-14,OLIVE_OIL,"3682,44","119,96",France,FALLING
2024-11-26,DATES,"2105,37","100,87",France,RISING
2024-02-09,CITRUS_FRUITS,"1143,55","158,62",Germany,STABLE
2024-11-27,OLIVE_OIL,"3531,17","141,00",Germany,UNPREDICTABLE
2025-01-26,CITRUS_FRUITS,"1112,76","150,07",Germany,FALLING
2024-04-30,OLIVE_OIL,"3591,21","88,71",France,VOLATILE
2024-03-05,WHEAT,"711,04","159,64",France,VOLATILE
2023-02-11,WHEAT,"858,03","133,38",Germany,VOLATILE
2025-05-31,DATES,"2636,66","173,86",Germany,STABLE
2025-08-09,DATES,"2577,83","112,65",Germany,RISING
2025-03-13,OLIVE_OIL,"3170,85","94,37",Germany,UNPREDICTABLE
2025-11-12,DATES,"2857,81","77,44",Germany,RISING
2024-06-24,CITRUS_FRUITS,"1437,39","65,50",Germany,FALLING
2025-08-24,CITRUS_FRUITS,"1279,03","65,66",France,VOLATILE
2024-06-26,WHEAT,"741,27","170,14",France,RISING
2025-10-15,DATES,"2299,71","88,43",France,RISING
2024-05-09,CITRUS_FRUITS,"1399,11","66,57",Germany,VOLATILE
2024-09-09,DATES,"2448,56","170,06",Germany,VOLATILE
2025-01-12,CITRUS_FRUITS,"1255,35","76,18",Germany,VOLATILE
2023-04-14,DATES,"2084,60","170,29",France,RISING
2024-07-13,OLIVE_OIL,"3264,17","169,47",France,RISING
2025-07-17,CITRUS_FRUITS,"1337,36","55,30",Germany,FALLING
2023-01-10,DATES,"2560,96","85,34",France,STABLE
2024-01-10,DATES,"2483,76","120,96",France,RISING
2025-03-21,DATES,"2856,88","106,17",France,STABLE
2023-08-28,DATES,"2009,15","109,66",France,STABLE
2024-02-20,CITRUS_FRUITS,"1096,30","98,56",France,FALLING
2023-12-15,DATES,"2974,04","99,35",France,VOLATILE
2023-10-23,OLIVE_OIL,"3744,98","167,23",France,VOLATILE
2023-06-26,CITRUS_FRUITS,"1332,19","81,10",Germany,RISING
2025-09-06,OLIVE_OIL,"3208,60","157,13",France,VOLATILE
2023-01-05,DATES,"2644,91","128,74",France,FALLING
2023-07-10,CITRUS_FRUITS,"1083,75","76,02",Germany,FALLING
2023-06-13,OLIVE_OIL,"3139,25","102,01",Germany,FALLING
2023-09-03,WHEAT,"873,50","97,74",Germany,VOLATILE
2023-05-15,WHEAT,"821,87","111,70",Germany,UNPREDICTABLE
2024-02-04,CITRUS_FRUITS,"1024,48","193,32",France,RISING
2025-07-06,CITRUS_FRUITS,"1159,65","163,10",France,RISING
2024-01-27,OLIVE_OIL,"3750,44","75,27",Germany,FALLING
2024-06-18,CITRUS_FRUITS,"1459,36","131,57",Germany,UNPREDICTABLE
2023-11-30,DATES,"2243,23","177,10",Germany,RISING
2023-08-24,DATES,"2331,02","61,20",Germany,STABLE
2024-01-14,CITRUS_FRUITS,"1253,48","78,39",Germany,VOLATILE
2025-08-14,CITRUS_FRUITS,"1240,71","65,50",Germany,VOLATILE
2024-03-18,CITRUS_FRUITS,"1453,21","122,63",Germany,STABLE
2025-08-11,CITRUS_FRUITS,"1325,06","196,19",Germany,VOLATILE
2025-03-29,DATES,"2979,84","162,90",France,VOLATILE
2023-07-24,WHEAT,"797,12","83,89",Germany,FALLING
2024-09-06,CITRUS_FRUITS,"1249,31","57,84",France,STABLE
2023-05-12,OLIVE_OIL,"3963,51","141,85",France,RISING
2025-06-22,CITRUS_FRUITS,"1104,40","127,85",Germany,VOLATILE
2024-04-01,WHEAT,"865,14","161,48",France,FALLING
2024-11-20,DATES,"2914,46","118,97",France,FALLING
2025-02-24,CITRUS_FRUITS,"1142,70","165,85",France,RISING
2025-08-07,WHEAT,"862,61","59,47",France,RISING
2025-11-25,DATES,"2032,82","174,92",France,VOLATILE
2025-12-15,WHEAT,"748,56","131,48",France,FALLING
2023-11-18,CITRUS_FRUITS,"1413,55","73,65",France,UNPREDICTABLE
2024-02-02,WHEAT,"750,56","167,80",France,RISING
2025-02-23,CITRUS_FRUITS,"1104,58","61,80",Germany,UNPREDICTABLE
2024-08-06,DATES,"2655,10","171,20",Germany,STABLE
2024-05-31,OLIVE_OIL,"3120,94","101,48",France,VOLATILE
2025-11-24,CITRUS_FRUITS,"1234,89","141,20",Germany,FALLING
2025-02-24,DATES,"2466,23","116,32",Germany,RISING
2023-05-02,DATES,"2922,75","80,86",France,VOLATILE
2025-07-23,OLIVE_OIL,"3897,90","183,36",Germany,UNPREDICTABLE
2023-05-03,WHEAT,"781,28","193,50",France,UNPREDICTABLE
2024-10-26,OLIVE_OIL,"3367,10","146,41",Germany,UNPREDICTABLE
2025-06-04,WHEAT,"712,69","116,75",Germany,RISING
2023-06-09,WHEAT,"743,85","67,11",France,VOLATILE
2023-06-18,DATES,"2904,04","129,05",Germany,RISING
2024-12-27,WHEAT,"874,47","117,36",France,STABLE
2024-02-16,WHEAT,"823,25","100,80",France,VOLATILE
2025-06-04,DATES,"2362,18","54,38",Germany,FALLING
2025-09-26,OLIVE_OIL,"3480,23","100,46",France,UNPREDICTABLE
2025-07-25,CITRUS_FRUITS,"1145,10","107,02",France,FALLING
2023-04-28,WHEAT,"709,17","152,77",Germany,VOLATILE
2025-04-10,OLIVE_OIL,"3959,00","189,72",France,RISING
2024-08-04,OLIVE_OIL,"3484,62","134,17",Germany,RISING
2025-05-01,CITRUS_FRUITS,"1365,12","97,52",France,RISING
2025-07-13,WHEAT,"855,06","77,90",Germany,VOLATILE
2025-10-31,CITRUS_FRUITS,"1445,37","73,69",France,UNPREDICTABLE
2025-06-27,OLIVE_OIL,"3133,95","148,72",France,VOLATILE
2024-06-19,CITRUS_FRUITS,"1280,68","128,44",Germany,STABLE
2025-07-28,OLIVE_OIL,"3348,14","184,66",Germany,STABLE
2024-09-06,DATES,"2434,25","124,97",Germany,RISING
2025-12-09,WHEAT,"885,18","90,87",Germany,STABLE
2024-04-08,WHEAT,"774,67","136,64",France,UNPREDICTABLE
2025-02-16,DATES,"2219,05","157,90",France,VOLATILE
2023-05-03,CITRUS_FRUITS,"1081,69","166,46",Germany,VOLATILE
2025-12-06,CITRUS_FRUITS,"1465,88","114,47",France,VOLATILE
2023-01-03,WHEAT,"888,52","157,48",France,STABLE
2024-03-01,WHEAT,"834,73","112,19",France,STABLE
2025-09-04,OLIVE_OIL,"3104,08","60,50",France,FALLING
2024-04-25,WHEAT,"793,67","127,07",Germany,STABLE
2025-11-17,CITRUS_FRUITS,"1350,74","62,63",France,UNPREDICTABLE
2023-09-09,DATES,"2377,09","150,49",France,RISING
2024-06-23,WHEAT,"828,66","68,02",Germany,RISING
2024-02-22,WHEAT,"829,64","129,34",France,VOLATILE
2023-03-14,WHEAT,"742,39","109,39",France,FALLING
2025-09-09,CITRUS_FRUITS,"1025,77","153,06",Germany,FALLING
2023-12-07,OLIVE_OIL,"3691,92","106,72",Germany,RISING
2024-09-07,OLIVE_OIL,"3309,35","72,26",Germany,VOLATILE
2023-01-02,DATES,"2142,72","126,54",France,STABLE
2023-12-09,DATES,"2782,62","171,65",Germany,RISING
2023-02-05,DATES,"2601,49","83,37",France,FALLING
2024-07-20,OLIVE_OIL,"3823,63","57,05",Germany,STABLE
2024-09-29,OLIVE_OIL,"3250,53","111,71",France,FALLING
2023-08-03,DATES,"2454,80","154,00",France,FALLING
2025-08-16,CITRUS_FRUITS,"1167,47","175,01",France,RISING
2023-03-24,WHEAT,"756,77","52,95",France,UNPREDICTABLE
2023-05-11,WHEAT,"873,07","65,24",France,STABLE
2023-11-24,DATES,"2815,56","123,51",Germany,UNPREDICTABLE
2023-12-24,WHEAT,"778,23","84,25",Germany,VOLATILE
2023-10-21,OLIVE_OIL,"3570,13","107,65",France,UNPREDICTABLE
2024-08-17,OLIVE_OIL,"3379,26","185,67",Germany,UNPREDICTABLE
2024-08-06,WHEAT,"833,71","139,34",Germany,FALLING
2025-07-16,DATES,"2983,46","193,57",France,VOLATILE
2024-01-13,WHEAT,"858,98","75,64",France,VOLATILE
2023-08-05,DATES,"2239,66","151,58",Germany,UNPREDICTABLE
2025-02-12,CITRUS_FRUITS,"1347,87","111,64",France,UNPREDICTABLE
2025-09-26,CITRUS_FRUITS,"1486,05","193,63",Germany,UNPREDICTABLE
2023-12-18,DATES,"2626,98","139,22",Germany,UNPREDICTABLE
2023-09-10,WHEAT,"889,17","115,12",France,UNPREDICTABLE
2025-02-28,CITRUS_FRUITS,"1204,09","147,12",France,RISING
2023-05-05,WHEAT,"710,09","60,64",Germany,FALLING
2024-12-02,CITRUS_FRUITS,"1497,22","97,30",France,RISING
2023-12-17,OLIVE_OIL,"3550,05","181,99",France,VOLATILE
2024-11-12,DATES,"2726,07","149,92",Germany,RISING
2023-11-10,DATES,"2685,28","157,73",France,VOLATILE
2023-08-28,CITRUS_FRUITS,"1333,20","197,07",France,FALLING
2024-12-11,CITRUS_FRUITS,"1080,90","102,91",France,RISING
2023-04-15,CITRUS_FRUITS,"1343,71","102,65",Germany,UNPREDICTABLE
2023-02-16,CITRUS_FRUITS,"1155,42","85,31",Germany,RISING
2023-10-23,DATES,"2213,86","133,29",Germany,UNPREDICTABLE
2025-04-05,OLIVE_OIL,"3956,78","151,69",France,FALLING
2025-06-29,CITRUS_FRUITS,"1392,85","52,85",France,FALLING
2024-01-28,CITRUS_FRUITS,"1138,50","105,54",Germany,FALLING
2025-02-15,WHEAT,"869,84","190,47",France,UNPREDICTABLE
2024-02-19,WHEAT,"737,83","114,77",France,RISING
2023-10-28,DATES,"2436,57","179,58",Germany,VOLATILE
2024-05-24,DATES,"2051,00","115,75",Germany,FALLING
2023-09-12,DATES,"2644,78","102,82",France,RISING
2024-03-12,DATES,"2707,96","67,29",France,FALLING
2025-06-28,CITRUS_FRUITS,"1036,59","115,41",France,RISING
2024-08-26,WHEAT,"734,69","145,87",France,VOLATILE
2024-02-10,DATES,"2630,42","56,86",France,VOLATILE
2023-05-06,OLIVE_OIL,"3477,50","160,72",France,VOLATILE
2023-08-09,DATES,"2370,72","148,54",France,RISING
2024-04-22,CITRUS_FRUITS,"1234,05","55,00",Germany,UNPREDICTABLE
2023-01-14,CITRUS_FRUITS,"1134,83","161,95",France,FALLING
2025-11-26,CITRUS_FRUITS,"1300,71","96,94",Germany,UNPREDICTABLE
2023-12-28,OLIVE_OIL,"3099,61","180,36",France,VOLATILE
2024-09-30,CITRUS_FRUITS,"1002,62","151,85",France,RISING
2023-04-21,CITRUS_FRUITS,"1407,53","113,52",Germany,UNPREDICTABLE
2025-11-07,OLIVE_OIL,"3350,94","163,96",Germany,STABLE
2024-09-21,CITRUS_FRUITS,"1053,90","113,15",France,FALLING
2024-03-29,DATES,"2319,57","114,28",France,VOLATILE
2023-04-09,OLIVE_OIL,"3042,40","174,03",Germany,FALLING
2023-01-08,OLIVE_OIL,"3696,71","158,01",Germany,RISING
2024-12-24,WHEAT,"886,37","93,11",France,VOLATILE
2025-06-17,DATES,"2381,49","182,92",France,UNPREDICTABLE
2024-02-05,WHEAT,"872,74","96,81",Germany,STABLE
2023-09-16,CITRUS_FRUITS,"1422,45","167,29",Germany,VOLATILE
2025-12-16,CITRUS_FRUITS,"1268,43","83,67",France,RISING
2025-05-07,DATES,"2822,52","53,68",Germany,FALLING
2025-06-30,CITRUS_FRUITS,"1159,56","117,61",France,VOLATILE
2025-01-26,DATES,"2276,90","142,18",Germany,STABLE
2024-01-24,WHEAT,"837,12","194,04",France,UNPREDICTABLE
2025-07-31,DATES,"2914,57","194,42",France,FALLING
2024-08-13,WHEAT,"789,62","188,89",France,VOLATILE
2023-08-22,DATES,"2793,11","126,98",Germany,FALLING
2024-06-24,OLIVE_OIL,"3436,10","188,05",Germany,UNPREDICTABLE
2023-08-24,CITRUS_FRUITS,"1401,56","110,51",Germany,FALLING
2023-06-09,CITRUS_FRUITS,"1269,38","81,98",France,UNPREDICTABLE
2025-05-23,CITRUS_FRUITS,"1030,28","178,16",France,STABLE
2025-02-15,WHEAT,"753,73","198,30",France,FALLING
2025-01-29,OLIVE_OIL,"3494,33","84,56",Germany,VOLATILE
2025-06-16,WHEAT,"751,40","131,91",Germany,STABLE
2024-01-09,OLIVE_OIL,"3164,48","194,17",Germany,FALLING
2025-09-18,DATES,"2341,17","170,51",Germany,VOLATILE
2025-06-18,DATES,"2096,02","165,03",France,VOLATILE
2023-10-31,CITRUS_FRUITS,"1076,87","150,09",Germany,RISING
2025-07-08,OLIVE_OIL,"3663,69","181,76",Germany,UNPREDICTABLE
2023-02-01,OLIVE_OIL,"3374,01","63,20",Germany,FALLING
2023-02-25,DATES,"2812,58","78,96",France,RISING
2025-09-23,WHEAT,"710,34","179,71",France,RISING
2025-03-16,DATES,"2650,03","133,78",France,STABLE
2024-03-05,OLIVE_OIL,"3663,25","127,64",Germany,STABLE
2025-07-09,WHEAT,"738,76","143,71",France,FALLING
2025-05-18,DATES,"2810,64","168,98",France,RISING
2023-04-01,CITRUS_FRUITS,"1155,79","193,58",Germany,UNPREDICTABLE
2024-06-01,OLIVE_OIL,"3723,10","143,03",France,UNPREDICTABLE
2025-07-24,DATES,"2137,48","102,67",Germany,RISING
2024-01-25,WHEAT,"894,35","137,06",France,RISING
2025-08-24,CITRUS_FRUITS,"1249,92","130,88",France,RISING
2023-10-08,DATES,"2057,23","81,99",Germany,RISING
2024-07-03,DATES,"2146,27","160,06",Germany,STABLE
2022-12-26,OLIVE_OIL,"3780,85","157,81",France,VOLATILE
2023-06-20,CITRUS_FRUITS,"1400,39","154,17",Germany,VOLATILE
2023-10-08,WHEAT,"811,77","181,35",Germany,RISING
2025-10-19,CITRUS_FRUITS,"1168,99","89,69",France,RISING
2025-05-29,WHEAT,"718,11","86,33",Germany,UNPREDICTABLE
2024-05-16,WHEAT,"821,97","134,64",Germany,VOLATILE
2025-06-25,CITRUS_FRUITS,"1019,95","193,12",France,UNPREDICTABLE
2025-04-29,DATES,"2710,09","92,82",France,VOLATILE
2023-04-28,DATES,"2641,26","153,23",Germany,VOLATILE
2025-12-04,CITRUS_FRUITS,"1355,47","166,64",France,VOLATILE
2023-04-28,CITRUS_FRUITS,"1194,47","140,87",Germany,FALLING
2024-11-21,CITRUS_FRUITS,"1079,09","179,98",Germany,RISING
2025-11-03,DATES,"2221,13","101,72",Germany,VOLATILE
2024-12-29,DATES,"2858,97","139,66",Germany,FALLING
2024-03-28,CITRUS_FRUITS,"1429,05","106,23",France,VOLATILE
2025-07-08,WHEAT,"849,60","101,81",France,UNPREDICTABLE
2024-06-15,WHEAT,"740,98","92,43",Germany,RISING
2023-03-06,OLIVE_OIL,"3866,82","196,81",France,FALLING
2024-07-30,WHEAT,"895,77","170,79",France,FALLING
2024-12-26,DATES,"2741,81","54,00",Germany,STABLE
2024-05-16,OLIVE_OIL,"3971,71","151,00",France,UNPREDICTABLE
2025-11-01,OLIVE_OIL,"3695,77","54,90",France,UNPREDICTABLE
2025-06-25,CITRUS_FRUITS,"1303,41","138,20",France,UNPREDICTABLE
2025-05-10,OLIVE_OIL,"3878,30","131,15",France,RISING
2025-11-04,DATES,"2701,64","183,52",France,RISING
2023-09-10,CITRUS_FRUITS,"1025,06","110,90",Germany,UNPREDICTABLE
2025-02-13,CITRUS_FRUITS,"1297,61","161,58",France,FALLING
2023-02-17,WHEAT,"781,32","104,74",France,RISING
2024-09-05,WHEAT,"710,28","184,65",Germany,VOLATILE
2023-05-26,WHEAT,"895,11","60,08",France,UNPREDICTABLE
2024-12-31,OLIVE_OIL,"3597,52","101,20",Germany,FALLING
2023-06-03,OLIVE_OIL,"3374,26","50,05",Germany,FALLING
2023-05-29,OLIVE_OIL,"3208,79","113,56",France,VOLATILE
2023-11-28,WHEAT,"892,29","50,60",France,STABLE
2024-11-05,CITRUS_FRUITS,"1249,40","87,38",Germany,UNPREDICTABLE
2024-01-13,OLIVE_OIL,"3668,78","97,19",France,FALLING
2024-09-09,CITRUS_FRUITS,"1412,97","112,63",Germany,RISING
2025-08-31,OLIVE_OIL,"3047,20","99,59",France,UNPREDICTABLE
2025-12-15,CITRUS_FRUITS,"1488,06","113,77",Germany,UNPREDICTABLE
2025-02-18,WHEAT,"762,71","131,08",Germany,RISING
2023-07-12,CITRUS_FRUITS,"1165,91","93,95",Germany,STABLE
2024-08-15,WHEAT,"786,44","95,81",France,FALLING
2025-06-12,CITRUS_FRUITS,"1343,87","85,79",France,RISING
2023-10-28,OLIVE_OIL,"3517,29","115,45",France,UNPREDICTABLE
2024-08-19,CITRUS_FRUITS,"1061,60","118,55",Germany,RISING
2025-08-27,DATES,"2090,11","163,83",Germany,RISING
2025-02-14,DATES,"2591,27","99,41",Germany,FALLING
2023-01-05,WHEAT,"895,53","65,93",France,FALLING
2025-12-20,DATES,"2134,98","143,45",France,VOLATILE
2024-10-09,WHEAT,"877,31","114,70",France,VOLATILE
2025-10-07,WHEAT,"878,15","125,20",France,STABLE
2023-10-22,OLIVE_OIL,"3938,43","197,14",France,UNPREDICTABLE
2024-08-15,CITRUS_FRUITS,"1144,49","111,41",Germany,STABLE
2025-10-01,OLIVE_OIL,"3701,11","158,17",Germany,FALLING
2023-06-30,OLIVE_OIL,"3112,49","72,64",France,FALLING
2025-02-09,CITRUS_FRUITS,"1250,59","118,72",Germany,FALLING
2023-09-15,CITRUS_FRUITS,"1161,02","158,58",Germany,STABLE
2025-04-04,OLIVE_OIL,"3053,15","101,42",France,VOLATILE
2023-09-20,OLIVE_OIL,"3810,15","159,67",Germany,VOLATILE
2023-09-04,DATES,"2690,14","155,52",Germany,UNPREDICTABLE
2025-07-26,DATES,"2492,64","114,78",France,RISING
2024-05-31,OLIVE_OIL,"3731,35","109,32",France,VOLATILE
2023-05-26,OLIVE_OIL,"3398,31","162,61",France,RISING
2024-03-24,WHEAT,"854,30","66,70",Germany,VOLATILE
2025-04-30,CITRUS_FRUITS,"1333,42","171,65",Germany,STABLE
2025-06-05,CITRUS_FRUITS,"1463,68","101,20",Germany,FALLING
2025-01-30,WHEAT,"823,05","171,22",France,RISING
2025-02-12,WHEAT,"765,29","188,95",France,VOLATILE
2024-01-13,WHEAT,"756,55","93,53",France,VOLATILE
2025-08-17,CITRUS_FRUITS,"1186,62","109,20",Germany,UNPREDICTABLE
2023-01-26,DATES,"2114,48","74,17",Germany,STABLE
2025-05-16,DATES,"2577,96","128,62",Germany,STABLE
2023-12-21,CITRUS_FRUITS,"1347,04","196,14",France,FALLING
2025-10-02,DATES,"2982,91","173,04",France,UNPREDICTABLE
2023-10-30,WHEAT,"837,06","99,68",France,RISING
2023-11-09,CITRUS_FRUITS,"1235,92","177,96",France,VOLATILE
2024-01-06,CITRUS_FRUITS,"1196,36","118,02",Germany,FALLING
2025-08-15,WHEAT,"799,47","146,40",France,FALLING
2023-10-14,CITRUS_FRUITS,"1301,04","86,47",Germany,FALLING
2023-07-17,WHEAT,"702,27","130,39",France,UNPREDICTABLE
2024-04-20,WHEAT,"821,98","109,73",France,RISING
2024-08-14,DATES,"2633,93","89,80",France,FALLING
2024-10-14,CITRUS_FRUITS,"1301,37","110,01",France,UNPREDICTABLE
2025-01-01,WHEAT,"769,16","69,71",France,RISING
2025-08-29,DATES,"2796,55","115,84",France,UNPREDICTABLE
2023-03-03,OLIVE_OIL,"3239,36","125,00",Germany,RISING
2025-07-27,DATES,"2995,75","139,01",Germany,VOLATILE
2023-04-26,WHEAT,"722,67","58,44",France,FALLING
2024-08-10,OLIVE_OIL,"3482,50","174,70",France,STABLE
2023-02-17,CITRUS_FRUITS,"1473,41","125,92",Germany,VOLATILE
2025-04-06,CITRUS_FRUITS,"1198,20","147,17",Germany,STABLE
